"scenario","flags","hz","run","frames","latePercent","rasterP50Ms","rasterP95Ms","buildP50Ms"
"scroll","off","60","1","1797","0,6678","6,038","7,726","0,709"
"scroll","off","60","2","1792","0,558","5,992","7,784","0,832"
"scroll","off","60","3","1797","0,6121","5,036","7,333","0,72"
"scroll","both-on","60","1","1801","1,4992","5,621","8,024","0,796"
"scroll","both-on","60","2","1800","0,4444","6,353","7,842","0,7"
"scroll","both-on","60","3","1799","0,4447","6,269","7,854","0,716"
"scroll","off","90","1","2361","99,5341","12,397","14,968","0,911"
"scroll","off","90","2","2408","99,7508","12,283","13,64","0,728"
"scroll","off","90","3","2365","100","12,387","14,196","0,727"
"scroll","both-on","90","1","2312","98,0104","12,489","14,737","0,787"
"scroll","both-on","90","2","2255","99,7783","12,924","15,06","1,02"
"scroll","both-on","90","3","2286","100","12,637","14,851","0,806"
"reaction","off","60","1","1724","15,7193","8,918","14,155","2,845"
"reaction","off","60","2","1692","14,7163","9,413","13,455","3,107"
"reaction","off","60","3","1647","17,6685","9,336","14,309","3,066"
"reaction","reactions-only","60","1","1333","21,6054","9,256","13,064","3,331"
"reaction","reactions-only","60","2","1391","19,4105","9,096","12,968","3,399"
"reaction","reactions-only","60","3","1251","23,2614","9,397","13,648","3,572"
"reaction","off","90","1","1641","98,1718","14,489","15,269","2,703"
"reaction","off","90","2","1514","99,3395","14,47","15,205","2,783"
"reaction","off","90","3","1629","99,5089","14,497","15,165","2,755"
"reaction","reactions-only","90","1","1219","98,2773","14,426","15,204","2,955"
"reaction","reactions-only","90","2","1227","99,5925","14,464","15,31","3,033"
"reaction","reactions-only","90","3","1409","99,3612","14,476","15,218","3,256"
