"motion","refresh","scenario","run","gestures","seconds","frames","late","latePercent","p95ms","maxMs"
"both-on","60","scroll","1","90","29.885","2008","2007","99.9502","30.073","37.863"
"both-on","60","scroll","2","90","29.983","2023","2018","99.7528","30.31","52.993"
"both-on","60","scroll","3","90","30.63","2062","2061","99.9515","30.891","70.929"
"off","60","scroll","1","90","30.226","2052","1995","97.2222","30.143","47.842"
"off","60","scroll","2","90","30.062","2037","2037","100","30.216","36.14"
"off","60","scroll","3","90","30.184","2044","2041","99.8532","30.183","39.881"
"off","60","reaction","1","105","33.19","1254","1172","93.4609","30.539","44.026"
"off","60","reaction","2","105","33.144","1355","1270","93.7269","30.543","49.285"
"off","60","reaction","3","105","33.128","1353","1289","95.2698","30.404","54.225"
"reactions-only","60","reaction","1","105","33.251","1432","1356","94.6927","30.107","75.302"
"reactions-only","60","reaction","2","105","32.732","1372","1291","94.0962","30.37","55.492"
"reactions-only","60","reaction","3","105","33.08","1509","1431","94.831","30.337","38.666"
